feature,importance_mean,importance_std
price_per_km,2.8605357750444447,0.06600036401563812
km_driven,0.21930158706403408,0.007167193304462001
km_per_year,0.11616873404586343,0.006909783633296046
is_luxury,0.03131555430721881,0.003912147964766585
car_age,0.003696740392948894,0.0009481875889391904
year,0.0018365893621268947,0.0005464465370255736
brand_Kia,0.0002921666180232707,0.00025125751250507425
color_Orange,0.00021290431339924255,6.660212744345947e-05
brand_Volkswagen,0.0002058670366018256,0.0001962837041754287
body_type_SUV,0.00010105527034266481,8.586182418432816e-05
color_Red,9.453700363093454e-05,0.0001466793315865648
body_type_Wagon,6.636554662563521e-05,4.707927647592741e-05
has_accident,5.879680771714302e-05,0.00024913427499061646
transmission_DSG,5.696091748618182e-05,2.4782879127426107e-05
color_Yellow,5.547203944288315e-05,4.874944123343714e-05
brand_Nissan,5.144634040183948e-05,2.2742258447996003e-05
body_type_Coupe,4.607460270119601e-05,0.00020003291242356145
brand_Porsche,4.5840543361141964e-05,4.342344781180737e-06
color_Blue,4.062002854319235e-05,5.096076902268316e-05
brand_Tesla,3.699823070152375e-05,3.28295866315224e-06
fuel_type_Petrol,3.575532056504516e-05,9.610336639522053e-05
brand_Hyundai,2.6566329328148176e-05,7.759260233748945e-05
brand_Chevrolet,2.4502268195414346e-05,3.2212916046407975e-05
service_history,1.882373353433442e-05,3.999341856715975e-05
transmission_Manual,1.7115432610259608e-05,4.525397584339304e-05
body_type_Hatchback,1.670951919303665e-05,5.687153053526081e-05
color_Gray,1.626493767741266e-05,2.3864094654029176e-05
brand_BMW,1.5288934716328752e-05,1.2503613238769776e-05
fuel_type_Hybrid,1.4612676256819945e-05,2.6787535946690286e-05
body_type_Pickup,1.4490809121248116e-05,3.721349178755298e-05
is_electric,1.3547168956362655e-05,3.852582926809302e-05
owner_count,1.2983939072008788e-05,0.00012743607690671527
brand_Suzuki,8.14577495299451e-06,9.278072303643948e-06
brand_Volvo,7.6113128966937e-06,1.147055855099222e-05
is_automatic,5.767718471727523e-06,4.3796276752664526e-05
brand_Ford,5.388801379480057e-06,3.02183456935306e-05
brand_Mercedes,3.943950992391088e-06,8.32303791980223e-06
brand_Mitsubishi,3.5830453848029188e-06,7.585052253851485e-06
brand_Subaru,-1.467798686560773e-06,5.688093590756958e-06
transmission_CVT,-6.31270824776875e-06,5.663777947119041e-05
brand_Mazda,-1.2252819604252618e-05,1.6481018894168623e-05
color_Silver,-1.3489663498267302e-05,2.6101573648012836e-05
body_type_Sedan,-1.966527344426927e-05,8.140316100766833e-05
brand_Honda,-2.286155017914293e-05,7.801430310621785e-05
fuel_type_Diesel,-2.457157542863353e-05,6.780441452228228e-05
color_Green,-3.098607606160098e-05,3.8581299476087526e-05
fuel_type_Electric,-3.34038456027419e-05,1.9074893242058703e-05
color_Brown,-3.386600936238216e-05,1.3893843792083945e-05
brand_Lexus,-3.5833425013542806e-05,1.0361261301157354e-05
brand_Jeep,-3.654016801889482e-05,7.681491196955567e-05
color_White,-4.271422857871077e-05,3.146194241865121e-05
brand_Toyota,-0.00010647657769866648,3.292151895781649e-05
